{
  "data": {
    "type": "rental",
    "id": "downtown-charm",
    "attributes": {
      "title": "Downtown Charm",
      "owner": "Violet Beauregarde",
      "city": "Portland",
      "location": {
        "lat": 45.5175,
        "lng": -122.6801
      },
      "category": "Apartment",
      "bedrooms": 3,
      "image": "https://upload.wikimedia.org/wikipedia/commons/f/f7/Wheeldon_Apartment_Building_-_Portland_Oregon.jpg",
      "description": "Convenience is at your doorstep with this charming downtown rental. Great restaurants and active night life are within a few feet."
    }
  }
}
