{
  "data": {
    "type": "rental",
    "id": "urban-living",
    "attributes": {
      "title": "Urban Living",
      "owner": "Mike Teavee",
      "city": "Seattle",
      "location": {
        "lat": 47.6062,
        "lng": -122.3321
      },
      "category": "Condo",
      "bedrooms": 1,
      "image": "https://upload.wikimedia.org/wikipedia/commons/2/20/Seattle_-_Barnes_and_Bell_Buildings.jpg",
      "description": "A commuters dream. This rental is within walking distance of 2 bus stops and the Metro."
    }
  }
}
